train_loss,epoch,step
8.375,1,49
3.65625,2,99
0.002674102783203125,3,149
0.0268707275390625,4,199
0.927734375,5,249
0.2049560546875,6,299
0.62109375,7,349
0.0,8,399
0.3125,9,449
