train_loss,epoch,step
2.158203125,1,49
0.07672119140625,2,99
0.2159423828125,3,149
0.005184173583984375,4,199
0.35400390625,5,249
14.28125,6,299
0.38330078125,7,349
0.0,8,399
0.0,9,449
