train_loss,epoch,step
0.70849609375,1,49
0.59423828125,2,99
0.51416015625,3,149
0.7509765625,4,199
