train_loss,epoch,step
0.638671875,1,49
0.77783203125,2,99
0.599609375,3,149
0.7919921875,4,199
0.85107421875,5,249
9.930133819580078e-05,6,299
1.1920928955078125e-07,7,349
0.0004963874816894531,8,399
1.430511474609375e-06,9,449
