train_loss,epoch,step
0.0265350341796875,1,49
0.0638427734375,2,99
0.80029296875,3,149
0.046844482421875,4,199
0.00011873245239257812,5,249
0.494873046875,6,299
0.431640625,7,349
0.61279296875,8,399
0.802734375,9,449
