train_loss,epoch,step
0.6494140625,1,49
0.40087890625,2,99
0.09765625,3,149
0.03790283203125,4,199
0.0002582073211669922,5,249
0.0118255615234375,6,299
0.0007252693176269531,7,349
4.76837158203125e-07,8,399
8.177757263183594e-05,9,449
